term,D,Df.diff,P.value
year,33.74837508826272,4,8.39189e-07
region,130.8307949293005,20,0
year:region,52.28275668559763,20,0.000103536
