term,D,Df.diff,P.value
year,33.74826241357573,4,8.39234e-07
region,130.83086886955834,20,0
year:region,52.28280554979278,20,0.000103534
