term,D,Df.diff,P.value
year,16.731989640142274,13,0.211847
region,161.8678963761431,65,3.1617e-10
year:region,127.60922967549482,65,5.76626e-06
