term,D,Df.diff,P.value
year,49.71054414222522,12,1.57052e-06
region,214.60785464170158,60,0
year:region,116.86071995787779,60,1.56698e-05
